{
  "properties": {
    "connectionReferences": {
      "shared_commondataserviceforapps_1": {
        "runtimeSource": "embedded",
        "connection": {
          "connectionReferenceLogicalName": "jdr_DataverseParentPulse"
        },
        "api": {
          "name": "shared_commondataserviceforapps"
        }
      },
      "shared_wordonlinebusiness_1": {
        "runtimeSource": "invoker",
        "connection": {
          "connectionReferenceLogicalName": "jdr_WordParentPulse"
        },
        "api": {
          "name": "shared_wordonlinebusiness"
        }
      },
      "shared_sharepointonline_1": {
        "runtimeSource": "invoker",
        "connection": {
          "connectionReferenceLogicalName": "jdr_SharePointParentPulse"
        },
        "api": {
          "name": "shared_sharepointonline"
        }
      }
    },
    "definition": {
      "$schema": "https://schema.management.azure.com/providers/Microsoft.Logic/schemas/2016-06-01/workflowdefinition.json#",
      "contentVersion": "1.0.0.0",
      "parameters": {
        "$connections": {
          "defaultValue": {},
          "type": "Object"
        },
        "$authentication": {
          "defaultValue": {},
          "type": "SecureObject"
        },
        "Weekly News Letter Location (jdr_WeeklyNewsLetterLocation)": {
          "defaultValue": "/Templates/Weekly Newsletter template.docx",
          "type": "String",
          "metadata": {
            "schemaName": "jdr_WeeklyNewsLetterLocation"
          }
        }
      },
      "triggers": {
        "manual": {
          "metadata": {
            "operationMetadataId": "dddbb685-f7c6-4dbd-a450-68c5d1a39f41"
          },
          "type": "Request",
          "kind": "Button",
          "inputs": {
            "schema": {
              "type": "object",
              "properties": {
                "date": {
                  "title": "Start Date",
                  "type": "string",
                  "format": "date",
                  "x-ms-dynamically-added": true,
                  "description": "Please enter or select a date (YYYY-MM-DD)",
                  "x-ms-content-hint": "DATE"
                },
                "date_1": {
                  "title": "End Date",
                  "type": "string",
                  "format": "date",
                  "x-ms-dynamically-added": true,
                  "description": "Please enter or select a date (YYYY-MM-DD)",
                  "x-ms-content-hint": "DATE"
                }
              },
              "required": [
                "date",
                "date_1"
              ]
            }
          }
        }
      },
      "actions": {
        "Get_Student_count_per_Year_group": {
          "actions": {
            "List_Active_Reception_Student_rows": {
              "runAfter": {},
              "metadata": {
                "operationMetadataId": "5407dc8b-fbe2-4878-be8a-ef7d57345a61"
              },
              "type": "OpenApiConnection",
              "inputs": {
                "host": {
                  "connectionName": "shared_commondataserviceforapps_1",
                  "operationId": "ListRecords",
                  "apiId": "/providers/Microsoft.PowerApps/apis/shared_commondataserviceforapps"
                },
                "parameters": {
                  "entityName": "jdr_students",
                  "$filter": "statecode eq 0 and jdr_yeargroup eq 0"
                },
                "authentication": {
                  "type": "Raw",
                  "value": "@json(decodeBase64(triggerOutputs().headers['X-MS-APIM-Tokens']))['$ConnectionKey']"
                }
              }
            },
            "List_Active_Year_1_Student_rows": {
              "runAfter": {
                "List_Active_Reception_Student_rows": [
                  "Succeeded"
                ]
              },
              "metadata": {
                "operationMetadataId": "6872e161-f62e-46d6-afc5-f4c9de683e73"
              },
              "type": "OpenApiConnection",
              "inputs": {
                "host": {
                  "connectionName": "shared_commondataserviceforapps_1",
                  "operationId": "ListRecords",
                  "apiId": "/providers/Microsoft.PowerApps/apis/shared_commondataserviceforapps"
                },
                "parameters": {
                  "entityName": "jdr_students",
                  "$filter": "statecode eq 0 and jdr_yeargroup eq 1"
                },
                "authentication": {
                  "type": "Raw",
                  "value": "@json(decodeBase64(triggerOutputs().headers['X-MS-APIM-Tokens']))['$ConnectionKey']"
                }
              }
            },
            "List_Active_Year_2_Student_rows": {
              "runAfter": {
                "List_Active_Year_1_Student_rows": [
                  "Succeeded"
                ]
              },
              "metadata": {
                "operationMetadataId": "158281de-ecd3-49f7-adfd-449a0f76b4a9"
              },
              "type": "OpenApiConnection",
              "inputs": {
                "host": {
                  "connectionName": "shared_commondataserviceforapps_1",
                  "operationId": "ListRecords",
                  "apiId": "/providers/Microsoft.PowerApps/apis/shared_commondataserviceforapps"
                },
                "parameters": {
                  "entityName": "jdr_students",
                  "$filter": "statecode eq 0 and jdr_yeargroup eq 2"
                },
                "authentication": {
                  "type": "Raw",
                  "value": "@json(decodeBase64(triggerOutputs().headers['X-MS-APIM-Tokens']))['$ConnectionKey']"
                }
              }
            },
            "List_Active_Year_3_Student_rows": {
              "runAfter": {
                "List_Active_Year_2_Student_rows": [
                  "Succeeded"
                ]
              },
              "metadata": {
                "operationMetadataId": "5928de47-b29e-4ecd-b9ac-239f786d71d7"
              },
              "type": "OpenApiConnection",
              "inputs": {
                "host": {
                  "connectionName": "shared_commondataserviceforapps_1",
                  "operationId": "ListRecords",
                  "apiId": "/providers/Microsoft.PowerApps/apis/shared_commondataserviceforapps"
                },
                "parameters": {
                  "entityName": "jdr_students",
                  "$filter": "statecode eq 0 and jdr_yeargroup eq 3"
                },
                "authentication": {
                  "type": "Raw",
                  "value": "@json(decodeBase64(triggerOutputs().headers['X-MS-APIM-Tokens']))['$ConnectionKey']"
                }
              }
            },
            "List_Active_Year_4_Student_rows": {
              "runAfter": {
                "List_Active_Year_3_Student_rows": [
                  "Succeeded"
                ]
              },
              "metadata": {
                "operationMetadataId": "d833acfc-c5ba-44ef-9c70-7c96a022a26a"
              },
              "type": "OpenApiConnection",
              "inputs": {
                "host": {
                  "connectionName": "shared_commondataserviceforapps_1",
                  "operationId": "ListRecords",
                  "apiId": "/providers/Microsoft.PowerApps/apis/shared_commondataserviceforapps"
                },
                "parameters": {
                  "entityName": "jdr_students",
                  "$filter": "statecode eq 0 and jdr_yeargroup eq 4"
                },
                "authentication": {
                  "type": "Raw",
                  "value": "@json(decodeBase64(triggerOutputs().headers['X-MS-APIM-Tokens']))['$ConnectionKey']"
                }
              }
            },
            "List_Active_Year_5_Student_rows": {
              "runAfter": {
                "List_Active_Year_4_Student_rows": [
                  "Succeeded"
                ]
              },
              "metadata": {
                "operationMetadataId": "73bdff3a-d64b-4882-9443-4a39a6cd10d1"
              },
              "type": "OpenApiConnection",
              "inputs": {
                "host": {
                  "connectionName": "shared_commondataserviceforapps_1",
                  "operationId": "ListRecords",
                  "apiId": "/providers/Microsoft.PowerApps/apis/shared_commondataserviceforapps"
                },
                "parameters": {
                  "entityName": "jdr_students",
                  "$filter": "statecode eq 0 and jdr_yeargroup eq 5"
                },
                "authentication": {
                  "type": "Raw",
                  "value": "@json(decodeBase64(triggerOutputs().headers['X-MS-APIM-Tokens']))['$ConnectionKey']"
                }
              }
            },
            "List_Active_Year_6_Student_rows": {
              "runAfter": {
                "List_Active_Year_5_Student_rows": [
                  "Succeeded"
                ]
              },
              "metadata": {
                "operationMetadataId": "2abc238a-5c94-4027-af23-cfd539e9b458"
              },
              "type": "OpenApiConnection",
              "inputs": {
                "host": {
                  "connectionName": "shared_commondataserviceforapps_1",
                  "operationId": "ListRecords",
                  "apiId": "/providers/Microsoft.PowerApps/apis/shared_commondataserviceforapps"
                },
                "parameters": {
                  "entityName": "jdr_students",
                  "$filter": "statecode eq 0 and jdr_yeargroup eq 6"
                },
                "authentication": {
                  "type": "Raw",
                  "value": "@json(decodeBase64(triggerOutputs().headers['X-MS-APIM-Tokens']))['$ConnectionKey']"
                }
              }
            }
          },
          "runAfter": {
            "Initialize_variable_CountYearGroupYear6": [
              "Succeeded"
            ]
          },
          "metadata": {
            "operationMetadataId": "483caca6-ce05-454e-b625-43799f7bb9eb"
          },
          "type": "Scope"
        },
        "Compose_total_session_count_per_year_group": {
          "actions": {
            "Reception_Session_count": {
              "runAfter": {},
              "metadata": {
                "operationMetadataId": "62b5b964-0984-4ed7-a4dc-a8dce1536316"
              },
              "type": "Compose",
              "inputs": "@mul(length(outputs('List_Active_Reception_Student_rows')?['body/value']),10.0)",
              "description": "mul(length(outputs('List_Active_Reception_Student_rows')?['body/value']),10.0)"
            },
            "Year_1_Session_count": {
              "runAfter": {
                "Reception_Session_count": [
                  "Succeeded"
                ]
              },
              "metadata": {
                "operationMetadataId": "0f97e99b-d423-4b10-883a-afb2143c8a05"
              },
              "type": "Compose",
              "inputs": "@mul(length(outputs('List_Active_Year_1_Student_rows')?['body/value']), 10.0)"
            },
            "Year_2_Session_count": {
              "runAfter": {
                "Year_1_Session_count": [
                  "Succeeded"
                ]
              },
              "metadata": {
                "operationMetadataId": "ffee3e42-ec99-4f07-9f85-029cab046c4b"
              },
              "type": "Compose",
              "inputs": "@mul(length(outputs('List_Active_Year_2_Student_rows')?['body/value']), 10.0)"
            },
            "Year_3_Session_count": {
              "runAfter": {
                "Year_2_Session_count": [
                  "Succeeded"
                ]
              },
              "metadata": {
                "operationMetadataId": "eb0cbb89-29c7-49b4-bdce-af2b386de150"
              },
              "type": "Compose",
              "inputs": "@mul(length(outputs('List_Active_Year_3_Student_rows')?['body/value']), 10.0)"
            },
            "Year_4_Session_count": {
              "runAfter": {
                "Year_3_Session_count": [
                  "Succeeded"
                ]
              },
              "metadata": {
                "operationMetadataId": "ba2214ff-9c17-4610-aa53-0fafe986a92e"
              },
              "type": "Compose",
              "inputs": "@mul(length(outputs('List_Active_Year_4_Student_rows')?['body/value']), 10.0)"
            },
            "Year_5_Session_count": {
              "runAfter": {
                "Year_4_Session_count": [
                  "Succeeded"
                ]
              },
              "metadata": {
                "operationMetadataId": "e03a4c2e-a0e9-4dd4-846d-65ae69db627e"
              },
              "type": "Compose",
              "inputs": "@mul(length(outputs('List_Active_Year_5_Student_rows')?['body/value']), 10.0)"
            },
            "Year_6_Session_count": {
              "runAfter": {
                "Year_5_Session_count": [
                  "Succeeded"
                ]
              },
              "metadata": {
                "operationMetadataId": "7f5f620a-bdcf-4b6a-acac-8cb9b257df7e"
              },
              "type": "Compose",
              "inputs": "@mul(length(outputs('List_Active_Year_6_Student_rows')?['body/value']), 10.0)"
            }
          },
          "runAfter": {
            "Get_Student_count_per_Year_group": [
              "Succeeded"
            ]
          },
          "metadata": {
            "operationMetadataId": "7947d675-4068-471d-b4aa-f8af43e2ac06"
          },
          "type": "Scope"
        },
        "List_Attendance_record_not_absent_rows": {
          "runAfter": {
            "Compose_total_session_count_per_year_group": [
              "Succeeded"
            ]
          },
          "metadata": {
            "operationMetadataId": "8e5a7740-5275-4c42-ba99-cd9e92755eb9"
          },
          "type": "OpenApiConnection",
          "inputs": {
            "host": {
              "connectionName": "shared_commondataserviceforapps_1",
              "operationId": "ListRecords",
              "apiId": "/providers/Microsoft.PowerApps/apis/shared_commondataserviceforapps"
            },
            "parameters": {
              "entityName": "jdr_attendancerecords",
              "fetchXml": "<fetch version=\"1.0\" mapping=\"logical\" savedqueryid=\"552b6289-f41e-4bb3-920c-a38c3c9f243a\" no-lock=\"false\" distinct=\"true\"><entity name=\"jdr_attendancerecord\"><attribute name=\"jdr_attendanceid\"/><attribute name=\"statecode\"/><attribute name=\"jdr_attendancerecordid\"/><attribute name=\"jdr_studentname\"/><attribute name=\"jdr_date\"/><attribute name=\"jdr_amorpmsession\"/><attribute name=\"jdr_attendancestatus\"/><attribute name=\"jdr_notes\"/><filter type=\"and\"><condition attribute=\"statecode\" operator=\"eq\" value=\"0\"/><condition attribute=\"jdr_attendancestatus\" operator=\"ne\" value=\"833040001\"/><condition attribute=\"jdr_date\" operator=\"ge\" value=\"@{triggerBody()['date']}\"/><condition attribute=\"jdr_date\" operator=\"le\" value=\"@{triggerBody()['date_1']}\"/></filter><link-entity name=\"jdr_student\" from=\"jdr_studentid\" to=\"jdr_studentname\" link-type=\"outer\" alias=\"a_5890f868a4c44a0abef69fd1449889be\" visible=\"false\"><attribute name=\"jdr_yeargroup\"/></link-entity></entity></fetch>"
            },
            "authentication": {
              "type": "Raw",
              "value": "@json(decodeBase64(triggerOutputs().headers['X-MS-APIM-Tokens']))['$ConnectionKey']"
            }
          }
        },
        "Apply_to_each": {
          "foreach": "@outputs('List_Attendance_record_not_absent_rows')?['body/value']",
          "actions": {
            "Switch": {
              "runAfter": {},
              "cases": {
                "Reception": {
                  "case": 0,
                  "actions": {
                    "Increment_variable": {
                      "runAfter": {},
                      "metadata": {
                        "operationMetadataId": "e2309be5-76cc-4a2f-9115-02bb8debeed0"
                      },
                      "type": "IncrementVariable",
                      "inputs": {
                        "name": "CountYearGroupReception",
                        "value": 1
                      }
                    }
                  }
                },
                "Year_1": {
                  "case": 1,
                  "actions": {
                    "Increment_variable_2": {
                      "runAfter": {},
                      "metadata": {
                        "operationMetadataId": "dc3c59e6-4e8a-4f5d-948e-9cd02a81ebcb"
                      },
                      "type": "IncrementVariable",
                      "inputs": {
                        "name": "CountYearGroupYear1",
                        "value": 1
                      }
                    }
                  }
                },
                "Year_2": {
                  "case": 2,
                  "actions": {
                    "Increment_variable_3": {
                      "runAfter": {},
                      "metadata": {
                        "operationMetadataId": "5f80dca9-472c-44bf-a2c2-a868e08da022"
                      },
                      "type": "IncrementVariable",
                      "inputs": {
                        "name": "CountYearGroupYear2",
                        "value": 1
                      }
                    }
                  }
                },
                "Year_3": {
                  "case": 3,
                  "actions": {
                    "Increment_variable_4": {
                      "runAfter": {},
                      "metadata": {
                        "operationMetadataId": "d6401159-8d1a-47a4-ab72-69718d74477b"
                      },
                      "type": "IncrementVariable",
                      "inputs": {
                        "name": "CountYearGroupYear3",
                        "value": 1
                      }
                    }
                  }
                },
                "Year_4": {
                  "case": 4,
                  "actions": {
                    "Increment_variable_5": {
                      "runAfter": {},
                      "metadata": {
                        "operationMetadataId": "1a634cf4-acdc-45f8-8269-ae863358debe"
                      },
                      "type": "IncrementVariable",
                      "inputs": {
                        "name": "CountYearGroupYear4",
                        "value": 1
                      }
                    }
                  }
                },
                "Year_5": {
                  "case": 5,
                  "actions": {
                    "Increment_variable_6": {
                      "runAfter": {},
                      "metadata": {
                        "operationMetadataId": "1ed1c652-5d2b-44cc-98dd-4c5cb462b700"
                      },
                      "type": "IncrementVariable",
                      "inputs": {
                        "name": "CountYearGroupYear5",
                        "value": 1
                      }
                    }
                  }
                },
                "Year_6": {
                  "case": 6,
                  "actions": {
                    "Increment_variable_7": {
                      "runAfter": {},
                      "metadata": {
                        "operationMetadataId": "b59e002c-6d03-46e0-b507-f4a2f69b38fc"
                      },
                      "type": "IncrementVariable",
                      "inputs": {
                        "name": "CountYearGroupYear6",
                        "value": 1
                      }
                    }
                  }
                }
              },
              "default": {
                "actions": {}
              },
              "expression": "@items('Apply_to_each')?['a_5890f868a4c44a0abef69fd1449889be.jdr_yeargroup']",
              "metadata": {
                "operationMetadataId": "9b69af2b-b98f-4f1c-bdce-3ebcc5772a9a"
              },
              "type": "Switch"
            }
          },
          "runAfter": {
            "List_Attendance_record_not_absent_rows": [
              "Succeeded"
            ]
          },
          "metadata": {
            "operationMetadataId": "072765dd-7a8b-497f-b33a-45fd5afbb5a0"
          },
          "type": "Foreach"
        },
        "Initialize_variable_CountYearGroupReception": {
          "runAfter": {},
          "metadata": {
            "operationMetadataId": "f996bfa6-8390-4b44-a79b-2e3fa0d750ba"
          },
          "type": "InitializeVariable",
          "inputs": {
            "variables": [
              {
                "name": "CountYearGroupReception",
                "type": "integer"
              }
            ]
          }
        },
        "Initialize_variable_CountYearGroupYear1": {
          "runAfter": {
            "Initialize_variable_CountYearGroupReception": [
              "Succeeded"
            ]
          },
          "metadata": {
            "operationMetadataId": "201c775f-2d11-4cb1-9e8f-f5f471e49734"
          },
          "type": "InitializeVariable",
          "inputs": {
            "variables": [
              {
                "name": "CountYearGroupYear1",
                "type": "integer"
              }
            ]
          }
        },
        "Initialize_variable_CountYearGroupYear2": {
          "runAfter": {
            "Initialize_variable_CountYearGroupYear1": [
              "Succeeded"
            ]
          },
          "metadata": {
            "operationMetadataId": "8cbe933b-6377-4b5d-9853-6ebc95c703f5"
          },
          "type": "InitializeVariable",
          "inputs": {
            "variables": [
              {
                "name": "CountYearGroupYear2",
                "type": "integer"
              }
            ]
          }
        },
        "Initialize_variable_CountYearGroupYear3": {
          "runAfter": {
            "Initialize_variable_CountYearGroupYear2": [
              "Succeeded"
            ]
          },
          "metadata": {
            "operationMetadataId": "3f4a3323-9c1c-4b0c-aad7-c5b16860ff82"
          },
          "type": "InitializeVariable",
          "inputs": {
            "variables": [
              {
                "name": "CountYearGroupYear3",
                "type": "integer"
              }
            ]
          }
        },
        "Initialize_variable_CountYearGroupYear4": {
          "runAfter": {
            "Initialize_variable_CountYearGroupYear3": [
              "Succeeded"
            ]
          },
          "metadata": {
            "operationMetadataId": "c17cbdb2-4a9a-4f00-9fa7-558fb51e350b"
          },
          "type": "InitializeVariable",
          "inputs": {
            "variables": [
              {
                "name": "CountYearGroupYear4",
                "type": "integer"
              }
            ]
          }
        },
        "Initialize_variable_CountYearGroupYear5": {
          "runAfter": {
            "Initialize_variable_CountYearGroupYear4": [
              "Succeeded"
            ]
          },
          "metadata": {
            "operationMetadataId": "54648b49-c92d-48b6-b5de-48b522610fec"
          },
          "type": "InitializeVariable",
          "inputs": {
            "variables": [
              {
                "name": "CountYearGroupYear5",
                "type": "integer"
              }
            ]
          }
        },
        "Initialize_variable_CountYearGroupYear6": {
          "runAfter": {
            "Initialize_variable_CountYearGroupYear5": [
              "Succeeded"
            ]
          },
          "metadata": {
            "operationMetadataId": "298e1173-082c-457e-b6f9-89566718d73e"
          },
          "type": "InitializeVariable",
          "inputs": {
            "variables": [
              {
                "name": "CountYearGroupYear6",
                "type": "integer"
              }
            ]
          }
        },
        "Calculate_Attendance_Percentages": {
          "actions": {
            "Reception_Attendance_percentage": {
              "runAfter": {},
              "metadata": {
                "operationMetadataId": "e8b55223-fa83-4447-a597-0c614cd2191d"
              },
              "type": "Compose",
              "inputs": "@{mul(div(variables('CountYearGroupReception'),outputs('Reception_Session_count')),100.0)}%",
              "description": "mul(div(variables('CountYearGroupReception'),outputs('Reception_Session_count')),100.0)"
            },
            "Year_1_Attendance_percentage": {
              "runAfter": {
                "Reception_Attendance_percentage": [
                  "Succeeded"
                ]
              },
              "metadata": {
                "operationMetadataId": "0e248b00-a7f0-44d7-a430-127e5f41263a"
              },
              "type": "Compose",
              "inputs": "@{mul(div(variables('CountYearGroupYear1'),outputs('Year_1_Session_count')), 100.0)}%"
            },
            "Year_2_Attendance_percentage": {
              "runAfter": {
                "Year_1_Attendance_percentage": [
                  "Succeeded"
                ]
              },
              "metadata": {
                "operationMetadataId": "13d939b9-161f-4787-b5ce-0804c0d2c1bb"
              },
              "type": "Compose",
              "inputs": "@{mul(div(variables('CountYearGroupYear2'),outputs('Year_2_Session_count')), 100.0)}%"
            },
            "Year_3_Attendance_percentage": {
              "runAfter": {
                "Year_2_Attendance_percentage": [
                  "Succeeded"
                ]
              },
              "metadata": {
                "operationMetadataId": "0f98e566-1bb8-4e28-8d38-651b2ed85d5e"
              },
              "type": "Compose",
              "inputs": "@{mul(div(variables('CountYearGroupYear3'),outputs('Year_3_Session_count')), 100.0)}%"
            },
            "Year_4_Attendance_percentage": {
              "runAfter": {
                "Year_3_Attendance_percentage": [
                  "Succeeded"
                ]
              },
              "metadata": {
                "operationMetadataId": "7fb23dfa-9fe4-4944-871b-8448b2b888f9"
              },
              "type": "Compose",
              "inputs": "@{mul(div(variables('CountYearGroupYear4'),outputs('Year_4_Session_count')), 100.0)}%"
            },
            "Year_5_Attendance_percentage": {
              "runAfter": {
                "Year_4_Attendance_percentage": [
                  "Succeeded"
                ]
              },
              "metadata": {
                "operationMetadataId": "1bd801e7-fce7-4652-810f-7eddeb2e64d4"
              },
              "type": "Compose",
              "inputs": "@{mul(div(variables('CountYearGroupYear5'),outputs('Year_5_Session_count')), 100.0)}%"
            },
            "Year_6_Attendance_percentage": {
              "runAfter": {
                "Year_5_Attendance_percentage": [
                  "Succeeded"
                ]
              },
              "metadata": {
                "operationMetadataId": "b05a03b1-ce2d-4d7a-b371-8e84e6a44816"
              },
              "type": "Compose",
              "inputs": "@{mul(div(variables('CountYearGroupYear6'),outputs('Year_6_Session_count')), 100.0)}%"
            }
          },
          "runAfter": {
            "Apply_to_each": [
              "Succeeded"
            ]
          },
          "metadata": {
            "operationMetadataId": "3e19abca-6dd0-4542-bc07-54d966801912"
          },
          "type": "Scope"
        },
        "Populate_a_Microsoft_Word_template": {
          "runAfter": {
            "Calculate_Attendance_Percentages": [
              "Succeeded"
            ]
          },
          "metadata": {
            "01CHZNTZVWIIAK5OQ2VVBJTKBP5TPBOSIZ": "/Templates/Weekly Newsletter template.docx",
            "operationMetadataId": "3951b8de-d569-4705-922c-7b4934eb5475"
          },
          "type": "OpenApiConnection",
          "inputs": {
            "host": {
              "connectionName": "shared_wordonlinebusiness_1",
              "operationId": "CreateFileItem",
              "apiId": "/providers/Microsoft.PowerApps/apis/shared_wordonlinebusiness"
            },
            "parameters": {
              "source": "groups/cf9a735e-8b8b-4b4b-8856-d36ce373ecff",
              "drive": "b!US1I8l2pBUCFeRmBDKba1NMwnNlEKGBKk02z8FVtXx18_EbJuQeJR59MDJMry8j1",
              "file": "@parameters('Weekly News Letter Location (jdr_WeeklyNewsLetterLocation)')",
              "dynamicFileSchema/351923332": "@outputs('Reception_Attendance_percentage')",
              "dynamicFileSchema/585345547": "@outputs('Year_5_Attendance_percentage')",
              "dynamicFileSchema/-335608550": "@outputs('Year_1_Attendance_percentage')",
              "dynamicFileSchema/-502749279": "@outputs('Year_2_Attendance_percentage')",
              "dynamicFileSchema/-980382837": "@outputs('Year_3_Attendance_percentage')",
              "dynamicFileSchema/-506445443": "@outputs('Year_4_Attendance_percentage')",
              "dynamicFileSchema/-1479614747": "@outputs('Year_6_Attendance_percentage')"
            },
            "authentication": {
              "type": "Raw",
              "value": "@json(decodeBase64(triggerOutputs().headers['X-MS-APIM-Tokens']))['$ConnectionKey']"
            }
          }
        },
        "Create_file": {
          "runAfter": {
            "Populate_a_Microsoft_Word_template": [
              "Succeeded"
            ]
          },
          "metadata": {
            "operationMetadataId": "78c12cf2-76eb-4760-85e9-97beed8fff39"
          },
          "type": "OpenApiConnection",
          "inputs": {
            "host": {
              "connectionName": "shared_sharepointonline_1",
              "operationId": "CreateFile",
              "apiId": "/providers/Microsoft.PowerApps/apis/shared_sharepointonline"
            },
            "parameters": {
              "dataset": "https://jondoesflowcom.sharepoint.com/sites/OakridgePrimary",
              "folderPath": "/Shared Documents/Weekly Newsletters",
              "name": "@{formatdatetime(utcnow(),'ddMMyyyyHHmmss')}.docx",
              "body": "@body('Populate_a_Microsoft_Word_template')"
            },
            "authentication": {
              "type": "Raw",
              "value": "@json(decodeBase64(triggerOutputs().headers['X-MS-APIM-Tokens']))['$ConnectionKey']"
            }
          },
          "runtimeConfiguration": {
            "contentTransfer": {
              "transferMode": "Chunked"
            }
          }
        }
      }
    },
    "templateName": ""
  },
  "schemaVersion": "1.0.0.0"
}