{
  "properties": {
    "connectionReferences": {
      "shared_commondataserviceforapps_1": {
        "runtimeSource": "embedded",
        "connection": {
          "connectionReferenceLogicalName": "jdr_DataverseParentPulse"
        },
        "api": {
          "name": "shared_commondataserviceforapps"
        }
      },
      "shared_office365_1": {
        "runtimeSource": "embedded",
        "connection": {
          "connectionReferenceLogicalName": "jdr_OutlookParentPulse"
        },
        "api": {
          "name": "shared_office365"
        }
      }
    },
    "definition": {
      "$schema": "https://schema.management.azure.com/providers/Microsoft.Logic/schemas/2016-06-01/workflowdefinition.json#",
      "contentVersion": "1.0.0.0",
      "parameters": {
        "$connections": {
          "defaultValue": {},
          "type": "Object"
        },
        "$authentication": {
          "defaultValue": {},
          "type": "SecureObject"
        }
      },
      "triggers": {
        "When_a_row_is_added,_modified_or_deleted": {
          "metadata": {
            "operationMetadataId": "b0190e17-3f72-4ac0-88fb-99c6ad838084"
          },
          "type": "OpenApiConnectionWebhook",
          "inputs": {
            "host": {
              "connectionName": "shared_commondataserviceforapps_1",
              "operationId": "SubscribeWebhookTrigger",
              "apiId": "/providers/Microsoft.PowerApps/apis/shared_commondataserviceforapps"
            },
            "parameters": {
              "subscriptionRequest/message": 4,
              "subscriptionRequest/entityname": "jdr_event",
              "subscriptionRequest/scope": 4,
              "subscriptionRequest/filteringattributes": "jdr_rsvprequired"
            },
            "authentication": "@parameters('$authentication')"
          },
          "conditions": [
            {
              "expression": "@equals(triggerOutputs()?['body/jdr_rsvprequired'], true)"
            }
          ],
          "description": "@equals(triggerOutputs()?['body/jdr_rsvprequired'], true)"
        }
      },
      "actions": {
        "Switch_All_School_or_Specific_Year_Group": {
          "runAfter": {},
          "cases": {
            "All_School": {
              "case": 9,
              "actions": {
                "List_Active_Parent_Guardian_rows": {
                  "runAfter": {},
                  "metadata": {
                    "operationMetadataId": "3c9b7c28-eddc-4097-9329-deaa378171e9"
                  },
                  "type": "OpenApiConnection",
                  "inputs": {
                    "host": {
                      "connectionName": "shared_commondataserviceforapps_1",
                      "operationId": "ListRecords",
                      "apiId": "/providers/Microsoft.PowerApps/apis/shared_commondataserviceforapps"
                    },
                    "parameters": {
                      "entityName": "jdr_parentguardians",
                      "$select": "jdr_emailaddress, jdr_fullname, jdr_parentguardianid",
                      "$filter": "statecode eq 0"
                    },
                    "authentication": "@parameters('$authentication')"
                  }
                },
                "Apply_to_each_2": {
                  "foreach": "@outputs('List_Active_Parent_Guardian_rows')?['body/value']",
                  "actions": {
                    "Add_an_RSVP_row": {
                      "runAfter": {},
                      "metadata": {
                        "operationMetadataId": "bb26e272-7b7f-407e-8e63-d954d080d68c"
                      },
                      "type": "OpenApiConnection",
                      "inputs": {
                        "host": {
                          "connectionName": "shared_commondataserviceforapps_1",
                          "operationId": "CreateRecord",
                          "apiId": "/providers/Microsoft.PowerApps/apis/shared_commondataserviceforapps"
                        },
                        "parameters": {
                          "entityName": "jdr_rsvps",
                          "item/jdr_EventName@odata.bind": "/jdr_events(@{triggerOutputs()?['body/jdr_eventid']})",
                          "item/jdr_ParentName@odata.bind": "/jdr_parentguardians(@{items('Apply_to_each_2')?['jdr_parentguardianid']})",
                          "item/jdr_responsestatus": 833040002
                        },
                        "authentication": "@parameters('$authentication')"
                      }
                    },
                    "Apply_to_each": {
                      "foreach": "@outputs('List_Active_Parent_Guardian_rows')?['body/value']",
                      "actions": {
                        "Send_email_with_options": {
                          "runAfter": {},
                          "metadata": {
                            "operationMetadataId": "e31fbc72-31ec-4934-993a-d147aecd93dd"
                          },
                          "type": "OpenApiConnectionWebhook",
                          "inputs": {
                            "host": {
                              "connectionName": "shared_office365_1",
                              "operationId": "SendMailWithOptions",
                              "apiId": "/providers/Microsoft.PowerApps/apis/shared_office365"
                            },
                            "parameters": {
                              "optionsEmailSubscription/Message/To": "@items('Apply_to_each')?['jdr_emailaddress']",
                              "optionsEmailSubscription/Message/Subject": "@{triggerOutputs()?['body/jdr_eventname']} happening on @{triggerOutputs()?['body/jdr_eventdate']}",
                              "optionsEmailSubscription/Message/Options": "Accept, Decline",
                              "optionsEmailSubscription/Message/Body": "The @{triggerOutputs()?['body/jdr_eventname']}, is happening on @{triggerOutputs()?['body/jdr_eventdate']}.\n\nWe look forward to seeing you there.",
                              "optionsEmailSubscription/Message/Importance": "Normal",
                              "optionsEmailSubscription/Message/HideHTMLMessage": false,
                              "optionsEmailSubscription/Message/ShowHTMLConfirmationDialog": false,
                              "optionsEmailSubscription/Message/HideMicrosoftFooter": false
                            },
                            "authentication": "@parameters('$authentication')"
                          }
                        },
                        "Condition": {
                          "actions": {
                            "Update_an_RSVP_row_to_Accepted": {
                              "runAfter": {},
                              "metadata": {
                                "operationMetadataId": "52900b29-3e66-4e3f-b174-ba02d005dd2c"
                              },
                              "type": "OpenApiConnection",
                              "inputs": {
                                "host": {
                                  "connectionName": "shared_commondataserviceforapps_1",
                                  "operationId": "UpdateOnlyRecord",
                                  "apiId": "/providers/Microsoft.PowerApps/apis/shared_commondataserviceforapps"
                                },
                                "parameters": {
                                  "entityName": "jdr_rsvps",
                                  "recordId": "@outputs('Add_an_RSVP_row')?['body/jdr_rsvpid']",
                                  "item/jdr_responsestatus": 833040000
                                },
                                "authentication": "@parameters('$authentication')"
                              }
                            }
                          },
                          "runAfter": {
                            "Send_email_with_options": [
                              "Succeeded"
                            ]
                          },
                          "else": {
                            "actions": {
                              "Update_an_RSVP_row_to_Declined": {
                                "runAfter": {},
                                "metadata": {
                                  "operationMetadataId": "8172e918-84f8-4991-954a-9a1a5df41a86"
                                },
                                "type": "OpenApiConnection",
                                "inputs": {
                                  "host": {
                                    "connectionName": "shared_commondataserviceforapps_1",
                                    "operationId": "UpdateOnlyRecord",
                                    "apiId": "/providers/Microsoft.PowerApps/apis/shared_commondataserviceforapps"
                                  },
                                  "parameters": {
                                    "entityName": "jdr_rsvps",
                                    "recordId": "@outputs('Add_an_RSVP_row')?['body/jdr_rsvpid']",
                                    "item/jdr_responsestatus": 833040001
                                  },
                                  "authentication": "@parameters('$authentication')"
                                }
                              }
                            }
                          },
                          "expression": {
                            "equals": [
                              "@outputs('Send_email_with_options')?['body/SelectedOption']",
                              "Accept"
                            ]
                          },
                          "metadata": {
                            "operationMetadataId": "950a52ef-ad2a-4cbc-bd0e-542b93e3a14e"
                          },
                          "type": "If"
                        }
                      },
                      "runAfter": {
                        "Add_an_RSVP_row": [
                          "Succeeded"
                        ]
                      },
                      "metadata": {
                        "operationMetadataId": "cec49afe-91ee-4939-90d8-79cca7a861f2"
                      },
                      "type": "Foreach"
                    }
                  },
                  "runAfter": {
                    "List_Active_Parent_Guardian_rows": [
                      "Succeeded"
                    ]
                  },
                  "metadata": {
                    "operationMetadataId": "bf7cbe5d-cdc7-4cad-b088-09db2d9fd88d"
                  },
                  "type": "Foreach"
                }
              }
            }
          },
          "default": {
            "actions": {
              "List_Student_Rows_for_selected_year_group": {
                "runAfter": {},
                "metadata": {
                  "operationMetadataId": "a2e515d0-7828-4af1-8257-7e9d494a4c60"
                },
                "type": "OpenApiConnection",
                "inputs": {
                  "host": {
                    "connectionName": "shared_commondataserviceforapps_1",
                    "operationId": "ListRecords",
                    "apiId": "/providers/Microsoft.PowerApps/apis/shared_commondataserviceforapps"
                  },
                  "parameters": {
                    "entityName": "jdr_students",
                    "$filter": "jdr_yeargroup eq @{triggerOutputs()?['body/jdr_yeargroupattending']} "
                  },
                  "authentication": "@parameters('$authentication')"
                },
                "description": "and jdr_fullname eq 'Esme Russell'"
              },
              "Apply_to_each_4": {
                "foreach": "@outputs('List_Student_Rows_for_selected_year_group')?['body/value']",
                "actions": {
                  "Add_an_RSVP_row_Year_Group_specific": {
                    "runAfter": {},
                    "metadata": {
                      "operationMetadataId": "757b4b99-5a46-4fa2-ae52-c8dba229c0f5"
                    },
                    "type": "OpenApiConnection",
                    "inputs": {
                      "host": {
                        "connectionName": "shared_commondataserviceforapps_1",
                        "operationId": "CreateRecord",
                        "apiId": "/providers/Microsoft.PowerApps/apis/shared_commondataserviceforapps"
                      },
                      "parameters": {
                        "entityName": "jdr_rsvps",
                        "item/jdr_EventName@odata.bind": "/jdr_events(@{triggerOutputs()?['body/jdr_eventid']})",
                        "item/jdr_ParentName@odata.bind": "/jdr_parentguardians(@{items('Apply_to_each_4')?['_jdr_parentguardianname_value']})",
                        "item/jdr_responsestatus": 833040002
                      },
                      "authentication": "@parameters('$authentication')"
                    }
                  },
                  "Apply_to_each_3": {
                    "foreach": "@outputs('List_Student_Rows_for_selected_year_group')?['body/value']",
                    "actions": {
                      "Get_a_row_by_ID": {
                        "runAfter": {},
                        "metadata": {
                          "operationMetadataId": "5827e59b-7870-48cf-a43d-88213d763a57"
                        },
                        "type": "OpenApiConnection",
                        "inputs": {
                          "host": {
                            "connectionName": "shared_commondataserviceforapps_1",
                            "operationId": "GetItem",
                            "apiId": "/providers/Microsoft.PowerApps/apis/shared_commondataserviceforapps"
                          },
                          "parameters": {
                            "entityName": "jdr_parentguardians",
                            "recordId": "@items('Apply_to_each_3')?['_jdr_parentguardianname_value']"
                          },
                          "authentication": "@parameters('$authentication')"
                        }
                      },
                      "Send_email_with_options_2": {
                        "runAfter": {
                          "Get_a_row_by_ID": [
                            "Succeeded"
                          ]
                        },
                        "metadata": {
                          "operationMetadataId": "158dc8c9-401f-4977-a013-57dffed6804d"
                        },
                        "type": "OpenApiConnectionWebhook",
                        "inputs": {
                          "host": {
                            "connectionName": "shared_office365_1",
                            "operationId": "SendMailWithOptions",
                            "apiId": "/providers/Microsoft.PowerApps/apis/shared_office365"
                          },
                          "parameters": {
                            "optionsEmailSubscription/Message/To": "@outputs('Get_a_row_by_ID')?['body/jdr_emailaddress']",
                            "optionsEmailSubscription/Message/Subject": "@{triggerOutputs()?['body/jdr_eventname']} happening on @{triggerOutputs()?['body/jdr_eventdate']}",
                            "optionsEmailSubscription/Message/Options": "Accept, Decline",
                            "optionsEmailSubscription/Message/Body": "The @{triggerOutputs()?['body/jdr_eventname']}, is happening on @{triggerOutputs()?['body/jdr_eventdate']}.\n\nWe need your approval for your child/ren to take part in this activity. Please Accept or Decline.",
                            "optionsEmailSubscription/Message/Importance": "Normal",
                            "optionsEmailSubscription/Message/HideHTMLMessage": false,
                            "optionsEmailSubscription/Message/ShowHTMLConfirmationDialog": false,
                            "optionsEmailSubscription/Message/HideMicrosoftFooter": false
                          },
                          "authentication": "@parameters('$authentication')"
                        }
                      },
                      "Condition_2": {
                        "actions": {
                          "Update_an_RSVP_row_to_Accepted_Year_Group_Specific": {
                            "runAfter": {},
                            "metadata": {
                              "operationMetadataId": "0a2378f9-b93c-489e-9ce2-628de6ae80c8"
                            },
                            "type": "OpenApiConnection",
                            "inputs": {
                              "host": {
                                "connectionName": "shared_commondataserviceforapps_1",
                                "operationId": "UpdateOnlyRecord",
                                "apiId": "/providers/Microsoft.PowerApps/apis/shared_commondataserviceforapps"
                              },
                              "parameters": {
                                "entityName": "jdr_rsvps",
                                "recordId": "@outputs('Add_an_RSVP_row_Year_Group_specific')?['body/jdr_rsvpid']",
                                "item/jdr_responsestatus": 833040000
                              },
                              "authentication": "@parameters('$authentication')"
                            }
                          }
                        },
                        "runAfter": {
                          "Send_email_with_options_2": [
                            "Succeeded"
                          ]
                        },
                        "else": {
                          "actions": {
                            "Update_an_RSVP_row_to_Declined_Year_Group_Specific": {
                              "runAfter": {},
                              "metadata": {
                                "operationMetadataId": "ef85778f-60b2-499a-a3ba-2099643df82d"
                              },
                              "type": "OpenApiConnection",
                              "inputs": {
                                "host": {
                                  "connectionName": "shared_commondataserviceforapps_1",
                                  "operationId": "UpdateOnlyRecord",
                                  "apiId": "/providers/Microsoft.PowerApps/apis/shared_commondataserviceforapps"
                                },
                                "parameters": {
                                  "entityName": "jdr_rsvps",
                                  "recordId": "@outputs('Add_an_RSVP_row_Year_Group_specific')?['body/jdr_rsvpid']"
                                },
                                "authentication": "@parameters('$authentication')"
                              }
                            }
                          }
                        },
                        "expression": {
                          "equals": [
                            "@outputs('Send_email_with_options_2')?['body/SelectedOption']",
                            "Accept"
                          ]
                        },
                        "metadata": {
                          "operationMetadataId": "23ca1b57-ca58-4607-b765-a6d0aaa7fb4f"
                        },
                        "type": "If"
                      }
                    },
                    "runAfter": {
                      "Add_an_RSVP_row_Year_Group_specific": [
                        "Succeeded"
                      ]
                    },
                    "metadata": {
                      "operationMetadataId": "417da4f2-8cb1-4d2e-b273-b2041c23628c"
                    },
                    "type": "Foreach"
                  }
                },
                "runAfter": {
                  "List_Student_Rows_for_selected_year_group": [
                    "Succeeded"
                  ]
                },
                "metadata": {
                  "operationMetadataId": "c96f69dd-995a-4cc9-bd27-b64845105b91"
                },
                "type": "Foreach"
              }
            }
          },
          "expression": "@triggerOutputs()?['body/jdr_yeargroupattending']",
          "metadata": {
            "operationMetadataId": "426f0670-7465-4856-8de4-212978cc0967"
          },
          "type": "Switch"
        }
      }
    },
    "templateName": ""
  },
  "schemaVersion": "1.0.0.0"
}