{
  "properties": {
    "connectionReferences": {
      "shared_commondataserviceforapps_1": {
        "runtimeSource": "embedded",
        "connection": {
          "connectionReferenceLogicalName": "jdr_DataverseParentPulse"
        },
        "api": {
          "name": "shared_commondataserviceforapps"
        }
      },
      "shared_office365_1": {
        "runtimeSource": "embedded",
        "connection": {
          "connectionReferenceLogicalName": "jdr_OutlookParentPulse"
        },
        "api": {
          "name": "shared_office365"
        }
      }
    },
    "definition": {
      "$schema": "https://schema.management.azure.com/providers/Microsoft.Logic/schemas/2016-06-01/workflowdefinition.json#",
      "contentVersion": "1.0.0.0",
      "parameters": {
        "$connections": {
          "defaultValue": {},
          "type": "Object"
        },
        "$authentication": {
          "defaultValue": {},
          "type": "SecureObject"
        }
      },
      "triggers": {
        "Recurrence": {
          "recurrence": {
            "frequency": "Week",
            "interval": 1,
            "startTime": "2025-01-03T10:00:00Z",
            "schedule": {
              "weekDays": [
                "Monday"
              ],
              "hours": [
                "9"
              ]
            }
          },
          "metadata": {
            "operationMetadataId": "6e18dfe5-ce8f-4553-b7b0-19544b14551f"
          },
          "type": "Recurrence"
        }
      },
      "actions": {
        "List_Event_rows_happening_in_next_7_days": {
          "runAfter": {},
          "metadata": {
            "operationMetadataId": "fac101a2-3446-406a-b5e9-5c0c44b0bc96"
          },
          "type": "OpenApiConnection",
          "inputs": {
            "host": {
              "connectionName": "shared_commondataserviceforapps_1",
              "operationId": "ListRecords",
              "apiId": "/providers/Microsoft.PowerApps/apis/shared_commondataserviceforapps"
            },
            "parameters": {
              "entityName": "jdr_events",
              "fetchXml": "<fetch version=\"1.0\" mapping=\"logical\" savedqueryid=\"49b5074a-cd1e-433c-b740-b5bee3e0781f\" no-lock=\"false\" distinct=\"true\"><entity name=\"jdr_event\"><attribute name=\"statecode\"/><attribute name=\"jdr_eventid\"/><attribute name=\"jdr_eventname\"/><attribute name=\"jdr_eventdate\"/><order attribute=\"jdr_eventname\" descending=\"false\"/><attribute name=\"jdr_eventdate\"/><attribute name=\"jdr_location\"/><attribute name=\"jdr_description\"/><attribute name=\"jdr_organiser\"/><attribute name=\"jdr_rsvprequired\"/><filter type=\"and\"><condition attribute=\"statecode\" operator=\"eq\" value=\"0\"/><condition attribute=\"jdr_eventdate\" operator=\"next-seven-days\"/></filter></entity></fetch>"
            },
            "authentication": "@parameters('$authentication')"
          }
        },
        "Apply_to_each": {
          "foreach": "@outputs('List_Event_rows_happening_in_next_7_days')?['body/value']",
          "actions": {
            "List_RSVP_rows_for_the_event_and_No_Response": {
              "runAfter": {},
              "metadata": {
                "operationMetadataId": "c7ccea4d-2dad-4a7b-86ac-71446cd9721a"
              },
              "type": "OpenApiConnection",
              "inputs": {
                "host": {
                  "connectionName": "shared_commondataserviceforapps_1",
                  "operationId": "ListRecords",
                  "apiId": "/providers/Microsoft.PowerApps/apis/shared_commondataserviceforapps"
                },
                "parameters": {
                  "entityName": "jdr_rsvps",
                  "$filter": "jdr_responsestatus eq 833040002 and _jdr_eventname_value eq '@{items('Apply_to_each')?['jdr_eventid']}' and jdr_remindersent eq false"
                },
                "authentication": "@parameters('$authentication')"
              }
            },
            "Apply_to_each_2": {
              "foreach": "@outputs('List_RSVP_rows_for_the_event_and_No_Response')?['body/value']",
              "actions": {
                "Get_a_Parent_Guardian_row_by_ID": {
                  "runAfter": {},
                  "metadata": {
                    "operationMetadataId": "1597d13f-3c93-4973-a3d8-97296f2dd094"
                  },
                  "type": "OpenApiConnection",
                  "inputs": {
                    "host": {
                      "connectionName": "shared_commondataserviceforapps_1",
                      "operationId": "GetItem",
                      "apiId": "/providers/Microsoft.PowerApps/apis/shared_commondataserviceforapps"
                    },
                    "parameters": {
                      "entityName": "jdr_parentguardians",
                      "recordId": "@items('Apply_to_each_2')?['_jdr_parentname_value']"
                    },
                    "authentication": "@parameters('$authentication')"
                  }
                },
                "Send_email_with_options": {
                  "runAfter": {
                    "Get_a_Parent_Guardian_row_by_ID": [
                      "Succeeded"
                    ]
                  },
                  "metadata": {
                    "operationMetadataId": "94a3b474-c422-42e0-81bd-28cec0d64a9e"
                  },
                  "type": "OpenApiConnectionWebhook",
                  "inputs": {
                    "host": {
                      "connectionName": "shared_office365_1",
                      "operationId": "SendMailWithOptions",
                      "apiId": "/providers/Microsoft.PowerApps/apis/shared_office365"
                    },
                    "parameters": {
                      "optionsEmailSubscription/Message/To": "@outputs('Get_a_Parent_Guardian_row_by_ID')?['body/jdr_emailaddress']",
                      "optionsEmailSubscription/Message/Subject": "This is a reminder of the @{items('Apply_to_each')?['jdr_eventname']} that is happening on @{items('Apply_to_each')?['jdr_eventdate']}",
                      "optionsEmailSubscription/Message/Options": "Accept, Decline",
                      "optionsEmailSubscription/Message/Body": "This is a reminder of the @{items('Apply_to_each')?['jdr_eventname']} that is happening on @{items('Apply_to_each')?['jdr_eventdate']}. Please Accept or Decline this invitation.",
                      "optionsEmailSubscription/Message/Importance": "Normal",
                      "optionsEmailSubscription/Message/HideHTMLMessage": false,
                      "optionsEmailSubscription/Message/ShowHTMLConfirmationDialog": false,
                      "optionsEmailSubscription/Message/HideMicrosoftFooter": false
                    },
                    "authentication": "@parameters('$authentication')"
                  }
                },
                "Condition_for_Selected_Option": {
                  "actions": {
                    "Update_an_RSVP_row_to_Accepted": {
                      "runAfter": {},
                      "metadata": {
                        "operationMetadataId": "0654fbdb-4016-46d1-8d05-e833b5ac5e32"
                      },
                      "type": "OpenApiConnection",
                      "inputs": {
                        "host": {
                          "connectionName": "shared_commondataserviceforapps_1",
                          "operationId": "UpdateOnlyRecord",
                          "apiId": "/providers/Microsoft.PowerApps/apis/shared_commondataserviceforapps"
                        },
                        "parameters": {
                          "entityName": "jdr_rsvps",
                          "recordId": "@items('Apply_to_each_2')?['jdr_rsvpid']",
                          "item/jdr_remindersent": true,
                          "item/jdr_responsestatus": 833040000
                        },
                        "authentication": "@parameters('$authentication')"
                      }
                    }
                  },
                  "runAfter": {
                    "Send_email_with_options": [
                      "Succeeded"
                    ]
                  },
                  "else": {
                    "actions": {
                      "Update_a_RSVP_row_to_Declined": {
                        "runAfter": {},
                        "metadata": {
                          "operationMetadataId": "eaaf0e00-a07b-4aa4-82cc-00123cdc7f6c"
                        },
                        "type": "OpenApiConnection",
                        "inputs": {
                          "host": {
                            "connectionName": "shared_commondataserviceforapps_1",
                            "operationId": "UpdateOnlyRecord",
                            "apiId": "/providers/Microsoft.PowerApps/apis/shared_commondataserviceforapps"
                          },
                          "parameters": {
                            "entityName": "jdr_rsvps",
                            "recordId": "@items('Apply_to_each_2')?['jdr_rsvpid']"
                          },
                          "authentication": "@parameters('$authentication')"
                        }
                      }
                    }
                  },
                  "expression": {
                    "equals": [
                      "@outputs('Send_email_with_options')?['body/SelectedOption']",
                      "Accept"
                    ]
                  },
                  "metadata": {
                    "operationMetadataId": "cc7d58c6-19da-49a4-95e4-6a9a5cd5fd04"
                  },
                  "type": "If"
                }
              },
              "runAfter": {
                "Compose": [
                  "Succeeded"
                ]
              },
              "metadata": {
                "operationMetadataId": "30f978e2-6156-4beb-926a-b20cc19c7c1c"
              },
              "type": "Foreach"
            },
            "Compose": {
              "runAfter": {
                "List_RSVP_rows_for_the_event_and_No_Response": [
                  "Succeeded"
                ]
              },
              "metadata": {
                "operationMetadataId": "09622a86-8253-4681-bdaf-667dcf6f5404"
              },
              "type": "Compose",
              "inputs": "@body('List_RSVP_rows_for_the_event_and_No_Response')"
            }
          },
          "runAfter": {
            "List_Event_rows_happening_in_next_7_days": [
              "Succeeded"
            ]
          },
          "metadata": {
            "operationMetadataId": "e88357df-600c-45fd-8b86-47b142e35a03"
          },
          "type": "Foreach"
        }
      }
    },
    "templateName": ""
  },
  "schemaVersion": "1.0.0.0"
}