{
  "properties": {
    "connectionReferences": {
      "shared_sharepointonline_1": {
        "runtimeSource": "embedded",
        "connection": {
          "connectionReferenceLogicalName": "jdr_SharePointParentPulse"
        },
        "api": {
          "name": "shared_sharepointonline"
        }
      },
      "shared_wordonlinebusiness_1": {
        "runtimeSource": "embedded",
        "connection": {
          "connectionReferenceLogicalName": "jdr_WordParentPulse"
        },
        "api": {
          "name": "shared_wordonlinebusiness"
        }
      }
    },
    "definition": {
      "$schema": "https://schema.management.azure.com/providers/Microsoft.Logic/schemas/2016-06-01/workflowdefinition.json#",
      "contentVersion": "1.0.0.0",
      "parameters": {
        "$connections": {
          "defaultValue": {},
          "type": "Object"
        },
        "$authentication": {
          "defaultValue": {},
          "type": "SecureObject"
        },
        "Weekly News Letter Location (jdr_WeeklyNewsLetterLocation)": {
          "defaultValue": "/Templates/Weekly Newsletter template.docx",
          "type": "String",
          "metadata": {
            "schemaName": "jdr_WeeklyNewsLetterLocation"
          }
        }
      },
      "triggers": {
        "Recurrence": {
          "recurrence": {
            "frequency": "Week",
            "interval": 1,
            "startTime": "2025-01-10T14:00:00Z",
            "schedule": {
              "weekDays": [
                "Friday"
              ]
            }
          },
          "metadata": {
            "operationMetadataId": "e8bc3c92-0435-4c1f-8b1a-7548b2bf569b"
          },
          "type": "Recurrence"
        }
      },
      "actions": {
        "Compose": {
          "runAfter": {
            "Initialize_variable_varAdvanceNoticeDiaryDates": [
              "Succeeded"
            ]
          },
          "metadata": {
            "operationMetadataId": "7ba94624-de66-4fce-9e43-f7aecd83f44f"
          },
          "type": "Compose",
          "inputs": "@div(add(dayofyear(addDays(subtractFromTime(utcNow(), if(equals(dayofweek(utcNow()), 0), 6, sub(dayofweek(utcNow()), 1)), 'Day'), 3)), 6), 7)",
          "description": "div(add(dayofyear(addDays(subtractFromTime(utcNow(), if(equals(dayofweek(utcNow()), 0), 6, sub(dayofweek(utcNow()), 1)), 'Day'), 3)), 6), 7)"
        },
        "Get_Key_Dates_happening_in_next_7_days": {
          "runAfter": {
            "Table_Style": [
              "Succeeded"
            ]
          },
          "metadata": {
            "operationMetadataId": "4a1c1216-ca5d-499f-992c-31d97c14ef85"
          },
          "type": "OpenApiConnection",
          "inputs": {
            "host": {
              "connectionName": "shared_sharepointonline_1",
              "operationId": "GetItems",
              "apiId": "/providers/Microsoft.PowerApps/apis/shared_sharepointonline"
            },
            "parameters": {
              "dataset": "https://jondoesflowcom.sharepoint.com/sites/OakridgePrimary",
              "table": "6b81a771-6767-4720-bd46-5dc1cb916789",
              "$filter": "Date le '@{adddays(utcNow(),7)}'"
            },
            "authentication": "@parameters('$authentication')"
          },
          "description": "adddays(utcNow(),7)"
        },
        "Get_Key_Dates_happening_6_months_from_now": {
          "runAfter": {
            "Apply_to_each": [
              "Succeeded"
            ]
          },
          "metadata": {
            "operationMetadataId": "48d885c6-daf4-412c-bf51-8bd72cee703d"
          },
          "type": "OpenApiConnection",
          "inputs": {
            "host": {
              "connectionName": "shared_sharepointonline_1",
              "operationId": "GetItems",
              "apiId": "/providers/Microsoft.PowerApps/apis/shared_sharepointonline"
            },
            "parameters": {
              "dataset": "https://jondoesflowcom.sharepoint.com/sites/OakridgePrimary",
              "table": "6b81a771-6767-4720-bd46-5dc1cb916789",
              "$filter": "Date ge '@{adddays(utcNow(), 180)}'"
            },
            "authentication": "@parameters('$authentication')"
          },
          "description": "adddays(utcNow(),180)"
        },
        "Table_Style": {
          "runAfter": {
            "Compose": [
              "Succeeded"
            ]
          },
          "metadata": {
            "operationMetadataId": "16476e0a-8398-4ab2-abbc-fcb9f89d57b7"
          },
          "type": "Compose",
          "inputs": "<style>\n\ttable {\n          border-collapse: collapse;\n\t}\n        table td, table th {\n          border: 1px solid #AAAAAA;\n          padding: 3px 10px;\n        }\n       table tr:nth-child(even) {\n          background: #D9E1F2;\n\t}\n\ttable thead {\n\t  background: #4472C4;\n\t}\n\ttable thead th {\n\t  font-size: 15px;\n          font-weight: bold;\n          color: #FFFFFF;\n          text-align: left;\n\t}\n\ttable tfoot {\n \t font-weight: bold;\n\t}\n</style>"
        },
        "Initialize_variable_varKeyDates": {
          "runAfter": {},
          "metadata": {
            "operationMetadataId": "69a73b58-ea0d-48d1-b95c-5e977c520a30"
          },
          "type": "InitializeVariable",
          "inputs": {
            "variables": [
              {
                "name": "varKeyDates",
                "type": "string"
              }
            ]
          }
        },
        "Initialize_variable_varAdvanceNoticeDiaryDates": {
          "runAfter": {
            "Initialize_variable_varKeyDates": [
              "Succeeded"
            ]
          },
          "metadata": {
            "operationMetadataId": "967e28f5-682d-4bd7-80f7-a20a51743792"
          },
          "type": "InitializeVariable",
          "inputs": {
            "variables": [
              {
                "name": "varAdvanceNoticeDiaryDates",
                "type": "string"
              }
            ]
          }
        },
        "Apply_to_each": {
          "foreach": "@outputs('Get_Key_Dates_happening_in_next_7_days')?['body/value']",
          "actions": {
            "Append_to_string_variable": {
              "runAfter": {},
              "metadata": {
                "operationMetadataId": "b8db94d7-af15-4889-90eb-5edd850e49ae"
              },
              "type": "AppendToStringVariable",
              "inputs": {
                "name": "varKeyDates",
                "value": "<p><strong>@{items('Apply_to_each')?['Title']}</strong></p>\n\n@{items('Apply_to_each')?['Description']}\n\n<p><strong>Year group(s) attending: </strong>@{items('Apply_to_each')?['YearGroup/Value']}</p>\n\n"
              }
            }
          },
          "runAfter": {
            "Get_Key_Dates_happening_in_next_7_days": [
              "Succeeded"
            ]
          },
          "metadata": {
            "operationMetadataId": "8fb77579-5f2a-45cb-92a1-50ab7dacbe57"
          },
          "type": "Foreach"
        },
        "Apply_to_each_2": {
          "foreach": "@outputs('Get_Key_Dates_happening_6_months_from_now')?['body/value']",
          "actions": {
            "Append_to_string_variable_2": {
              "runAfter": {},
              "metadata": {
                "operationMetadataId": "b48ba8d3-76a3-4017-ad88-5167ee7d6092"
              },
              "type": "AppendToStringVariable",
              "inputs": {
                "name": "varAdvanceNoticeDiaryDates",
                "value": "<p><strong>@{items('Apply_to_each_2')?['Title']}</strong></p>\n\n<p>@{items('Apply_to_each_2')?['Description']}</p>\n\n<p><strong>Year group(s) attending:</strong> @{items('Apply_to_each_2')?['YearGroup/Value']}</p>\n\n"
              }
            }
          },
          "runAfter": {
            "Get_Key_Dates_happening_6_months_from_now": [
              "Succeeded"
            ]
          },
          "metadata": {
            "operationMetadataId": "9cc6be06-c271-43ec-abc3-c146e41f5f27"
          },
          "type": "Foreach"
        },
        "Populate_a_Microsoft_Word_template": {
          "runAfter": {
            "Apply_to_each_2": [
              "Succeeded"
            ]
          },
          "metadata": {
            "01CHZNTZV2ETYCRWPLMZAISTSZYFUCZL55": "/Templates/Weekly Newsletter template.docx",
            "operationMetadataId": "7a31248f-dbb3-4ec1-8493-14d3fa0d6ec0"
          },
          "type": "OpenApiConnection",
          "inputs": {
            "host": {
              "connectionName": "shared_wordonlinebusiness_1",
              "operationId": "CreateFileItem",
              "apiId": "/providers/Microsoft.PowerApps/apis/shared_wordonlinebusiness"
            },
            "parameters": {
              "source": "groups/cf9a735e-8b8b-4b4b-8856-d36ce373ecff",
              "drive": "b!US1I8l2pBUCFeRmBDKba1NMwnNlEKGBKk02z8FVtXx18_EbJuQeJR59MDJMry8j1",
              "file": "@parameters('Weekly News Letter Location (jdr_WeeklyNewsLetterLocation)')",
              "dynamicFileSchema/118963269": "@variables('varAdvanceNoticeDiaryDates')",
              "dynamicFileSchema/203066158": "@variables('varKeyDates')",
              "dynamicFileSchema/555975587": "September",
              "dynamicFileSchema/1862009270": "@outputs('Compose')"
            },
            "authentication": "@parameters('$authentication')"
          }
        },
        "Create_file": {
          "runAfter": {
            "Populate_a_Microsoft_Word_template": [
              "Succeeded"
            ]
          },
          "metadata": {
            "operationMetadataId": "0b08ad5a-ac7e-4d0d-8fb0-9d8c407e37f2"
          },
          "type": "OpenApiConnection",
          "inputs": {
            "host": {
              "connectionName": "shared_sharepointonline_1",
              "operationId": "CreateFile",
              "apiId": "/providers/Microsoft.PowerApps/apis/shared_sharepointonline"
            },
            "parameters": {
              "dataset": "https://jondoesflowcom.sharepoint.com/sites/OakridgePrimary",
              "folderPath": "/Shared Documents/Weekly Newsletters",
              "name": "@{formatdatetime(utcNow(),'dd-MM-yyyy')}.docx",
              "body": "@body('Populate_a_Microsoft_Word_template')"
            },
            "authentication": "@parameters('$authentication')"
          },
          "runtimeConfiguration": {
            "contentTransfer": {
              "transferMode": "Chunked"
            }
          }
        }
      }
    },
    "templateName": ""
  },
  "schemaVersion": "1.0.0.0"
}